Interval,Humidity.Average,Temperature.Average
11/12/2020 01:00 AM,55.773387558172615,21.563682995404694
11/12/2020 01:15 AM,56.955926045890344,19.81781668500358
11/12/2020 01:30 AM,55.82340653910427,19.5196506936681
11/12/2020 01:45 AM,57.709116081241284,19.666733904233876
11/12/2020 02:00 AM,57.49098878539405,19.02140022008964
11/12/2020 02:15 AM,58.218988045075584,18.982536521633687
11/12/2020 02:30 AM,58.79576112421929,18.828793908534017
11/12/2020 02:45 AM,58.75662719937682,18.483455927143613
11/12/2020 03:00 AM,60.0465411543873,18.70489664131742
11/12/2020 03:15 AM,59.010694145384214,18.217555177204453
11/12/2020 03:30 AM,60.78517269701943,18.38648038962205
11/12/2020 03:45 AM,59.77584766434481,18.055505644306397
11/12/2020 04:00 AM,61.00076758621706,17.965787936153284
11/12/2020 04:15 AM,61.527030799156805,18.033656034768054
11/12/2020 04:30 AM,60.56312025839042,17.669315302723817
11/12/2020 04:45 AM,62.33703584114812,17.78885726195889
11/12/2020 05:00 AM,61.301683282228126,17.449123242550947
11/12/2020 05:15 AM,62.68594162492501,17.40365039678549
11/12/2020 05:30 AM,61.88755447254285,17.742793974582447
11/12/2020 05:45 AM,61.868263672158875,17.7864925351748
11/12/2020 06:00 AM,62.12320183890956,17.933887020481514
11/12/2020 06:15 AM,61.70290368795575,17.65937904895162
11/12/2020 06:30 AM,62.64894131991195,17.420320125067256
11/12/2020 06:45 AM,61.519020012008845,17.63289228397746
11/12/2020 07:00 AM,62.72764494969695,17.654263951253977
11/12/2020 07:15 AM,61.11629041863466,18.17465152530995
11/12/2020 07:30 AM,60.301728706699045,18.70730638693088
11/12/2020 07:45 AM,59.19316043178819,18.744509532220533
11/12/2020 08:00 AM,57.91545817054532,19.406151402097567
11/12/2020 08:15 AM,58.4160184449693,19.404267798242408
11/12/2020 08:30 AM,56.79610681203162,19.673669616575307
11/12/2020 08:45 AM,57.3744869998943,20.083895349561796
11/12/2020 09:00 AM,56.089677381944604,19.951172423313018
11/12/2020 09:15 AM,55.754236209116115,20.473861984721825
11/12/2020 09:30 AM,56.68991262586551,19.865573191663948
11/12/2020 09:45 AM,56.44801903109193,19.993946941663125
11/12/2020 10:00 AM,56.56414139776563,20.516853348820554
11/12/2020 10:15 AM,55.3782203655605,20.036528296088733
11/12/2020 10:30 AM,57.39968121880668,20.224728505958886
11/12/2020 10:45 AM,57.3460081507904,19.79986175028023
11/12/2020 11:00 AM,56.799254635562654,20.42595959848559
11/12/2020 11:15 AM,57.30508056348218,20.149391110335827
11/12/2020 11:30 AM,58.17349907550574,19.93658468559318
11/12/2020 11:45 AM,60.160130349749345,20.021379022091125
11/12/2020 12:00 PM,58.9853376500253,19.634515558236775
11/12/2020 12:15 PM,59.7735710720577,20.045881516078357
11/12/2020 12:30 PM,57.49871647282096,20.231077811108364
11/12/2020 12:45 PM,58.209418250506545,20.01704049532505
11/12/2020 01:00 PM,59.023955486799366,20.0334502638
11/12/2020 01:15 PM,58.06893957312739,19.658431941320778
11/12/2020 01:30 PM,59.53470934907929,19.87800693869256
11/12/2020 01:45 PM,57.99905921954366,19.679047955568144
11/12/2020 02:00 PM,55.8427823345872,21.22238356398708
11/12/2020 02:15 PM,53.07692155653391,21.450180267304685
11/12/2020 02:30 PM,52.078118699367586,21.53779414878066
11/12/2020 02:45 PM,52.659776123466905,21.62353660508736
11/12/2020 03:00 PM,54.501405207790114,21.243015046413003
11/12/2020 03:15 PM,55.50399571403543,20.924239352224504
11/12/2020 03:30 PM,55.84026709410783,20.62241132799382
11/12/2020 03:45 PM,54.62099739615622,21.467270925894343
11/12/2020 04:00 PM,54.022785845463055,21.38495184903413
11/12/2020 04:15 PM,55.34339206646585,20.74435559968588
11/12/2020 04:30 PM,56.01661837476033,21.077375053574087
11/12/2020 04:45 PM,56.184349780275085,20.940067093428773
11/12/2020 05:00 PM,55.41154316841151,21.1816109224932
11/12/2020 05:15 PM,56.48688986051155,21.058255511645026
11/12/2020 05:30 PM,56.41262548624422,21.197433920400307
11/12/2020 05:45 PM,57.385273622824194,20.646302850561465
11/12/2020 06:00 PM,57.708102618401384,20.580490469961767
11/12/2020 06:15 PM,57.577404460517016,20.79156422225191
11/12/2020 06:30 PM,57.66675771847033,20.30609097781407
11/12/2020 06:45 PM,57.76989069738807,20.27194485952199
11/12/2020 07:00 PM,57.679586271770724,20.229690123488872
11/12/2020 07:15 PM,57.63219501416399,20.15728448741984
11/12/2020 07:30 PM,58.47876956537866,19.88948467220786
11/12/2020 07:45 PM,58.8024975058299,20.349024334830148
11/12/2020 08:00 PM,50.32668038778826,54.69485107954591
11/12/2020 08:15 PM,48.02236470825221,46.09385164608734
11/12/2020 08:30 PM,50.88999248067026,50.25652765921877
11/12/2020 08:45 PM,50.47411353534209,51.29810675367653
11/12/2020 09:00 PM,50.42843526099159,52.11600499246992
11/12/2020 09:15 PM,49.30286202559976,43.91884949691621
11/12/2020 09:30 PM,50.81835602907389,53.01775651153698
11/12/2020 09:45 PM,50.64758488756838,54.21193421582816
11/12/2020 10:00 PM,48.847338594843016,43.763386998795944
11/12/2020 10:15 PM,51.0457653138385,50.773777011888136
11/12/2020 10:30 PM,49.706227146184766,53.085785540337945
11/12/2020 10:45 PM,60.70355052377596,19.678692735105127
11/12/2020 11:00 PM,60.196128757260816,19.559390937902947
11/12/2020 11:15 PM,59.71322099676604,20.01305101659473
11/12/2020 11:30 PM,60.34462177719806,19.63635799902714
11/12/2020 11:45 PM,60.47425034940796,19.43144572002068
11/13/2020 12:00 AM,60.51548413397279,19.38801880992352
11/13/2020 12:15 AM,60.35158453480017,19.44766738109993
11/13/2020 12:30 AM,60.39210572703201,19.220966930232617
11/13/2020 12:45 AM,60.50004671400051,19.063477275486704
11/13/2020 01:00 AM,60.47134198096797,19.37698759646955
11/13/2020 01:15 AM,60.22306843488413,19.011184008929845
11/13/2020 01:30 AM,60.390351381576075,18.984755726525485
11/13/2020 01:45 AM,60.41573007615224,19.029951179843028
11/13/2020 02:00 AM,60.408555998264276,19.047214627640532
11/13/2020 02:15 AM,60.36915416033464,18.795947952299638
11/13/2020 02:30 AM,60.46273066406192,18.713880666988306
11/13/2020 02:45 AM,60.654488023845374,18.92463197962182
11/13/2020 03:00 AM,60.92695923665662,18.459454222427038
11/13/2020 03:15 AM,61.2494371406991,18.454653966507824
11/13/2020 03:30 AM,61.278519166615155,18.53992815961021
11/13/2020 03:45 AM,61.32595654532395,18.414647944939436
11/13/2020 04:00 AM,61.26780507263322,18.082909721024894
11/13/2020 04:15 AM,61.665943523938786,18.23970060219021
11/13/2020 04:30 AM,62.21558215627957,18.362137482333424
11/13/2020 04:45 AM,62.112364692548155,17.77613729389778
11/13/2020 05:00 AM,62.12502108737217,18.010415207533985
11/13/2020 05:15 AM,62.210972303618306,18.087633858434458
11/13/2020 05:30 AM,62.29419777752936,17.802088280192006
11/13/2020 05:45 AM,62.79363646854338,17.647952974221347
11/13/2020 06:00 AM,62.90523573911584,17.89702199994758
11/13/2020 06:15 AM,63.22320997757629,17.733412047997355
11/13/2020 06:30 AM,63.08587074564218,17.33357355831269
11/13/2020 06:45 AM,63.199567323948706,17.754305553644674
11/13/2020 07:00 AM,64.67115481103434,17.76370703585278
11/13/2020 07:15 AM,63.83675860814987,18.303649403736735
11/13/2020 07:30 AM,62.46604421373078,18.670923889491966
11/13/2020 07:45 AM,61.685328967369735,19.367015660809393
11/13/2020 08:00 AM,60.58055488530981,19.587834208652303
11/13/2020 08:15 AM,60.35209273505601,19.65762020234418
11/13/2020 08:30 AM,60.02557346862323,19.79452799459315
11/13/2020 08:45 AM,60.52095202298475,19.51602951075328
11/13/2020 09:00 AM,61.17050995193656,19.113529780671218
11/13/2020 09:15 AM,62.61855321102115,18.966948528310006
11/13/2020 09:30 AM,62.18470063130087,19.92917050665985
11/13/2020 09:45 AM,60.96703688387152,19.436192400384048
11/13/2020 10:00 AM,61.52991289337242,19.29871084564039
11/13/2020 10:15 AM,61.50836504358003,19.908262111672435
11/13/2020 10:30 AM,61.18595002262201,20.330121730422764
11/13/2020 10:45 AM,59.527281144986,20.73358275651233
11/13/2020 11:00 AM,58.9594049476203,21.153468319204382
11/13/2020 11:15 AM,61.2874408952469,20.813863480027845
11/13/2020 11:30 AM,61.65006303565349,20.449396022193607
11/13/2020 11:45 AM,60.59565821519519,20.503268211192246
11/13/2020 12:00 PM,59.202949279468314,21.04665534057887
11/13/2020 12:15 PM,58.71659378793256,21.188758790335683
11/13/2020 12:30 PM,59.126423611647084,20.859576182329953
11/13/2020 12:45 PM,59.26291931674212,20.815981436225652
11/13/2020 01:00 PM,59.38930400893131,20.861251678982327
11/13/2020 01:15 PM,59.80959487075108,20.730556198359217
11/13/2020 01:30 PM,59.61806940038459,20.452988289380887
11/13/2020 01:45 PM,59.783795311196414,20.516997003034678
11/13/2020 02:00 PM,59.7479501460207,20.864514361836356
11/13/2020 02:15 PM,58.06381914896733,21.260346832802824
11/13/2020 02:30 PM,58.611209299229756,20.927273828263388
11/13/2020 02:45 PM,58.35232091586108,21.1098485847092
11/13/2020 03:00 PM,59.15417946691289,21.06244882056387
11/13/2020 03:15 PM,59.40835723187592,20.626443300694476
11/13/2020 03:30 PM,59.302141675484854,20.536015755760012
11/13/2020 03:45 PM,59.5379938866294,20.70162538770666
11/13/2020 04:00 PM,59.02405385189242,20.62669690919447
11/13/2020 04:15 PM,59.27290602881844,20.366031400119002
11/13/2020 04:30 PM,59.004454383158,20.51239399831218
11/13/2020 04:45 PM,57.4945978840904,21.143580861532165
11/13/2020 05:00 PM,57.97109731904434,20.865049625640545
11/13/2020 05:15 PM,57.546102986210954,20.53968001818082
11/13/2020 05:30 PM,58.31150153243741,20.82681115361486
11/13/2020 05:45 PM,58.8180300496657,20.74851849851705
11/13/2020 06:00 PM,58.59757620756387,20.401391546903227
11/13/2020 06:15 PM,58.834692291701195,20.44924996337013
11/13/2020 06:30 PM,58.74797862291865,20.58467445850539
11/13/2020 06:45 PM,58.803623668101714,20.386738258388085
11/13/2020 07:00 PM,58.5062375895829,20.191276388597977
11/13/2020 07:15 PM,58.624397938615296,20.307360963446254
11/13/2020 07:30 PM,57.94579565320316,20.382179527003007
11/13/2020 07:45 PM,57.70145914287681,20.100925075444533
11/13/2020 08:00 PM,58.21813586228221,19.952181547586726
11/13/2020 08:15 PM,57.54142442349484,20.02017507504671
11/13/2020 08:30 PM,57.8031299480157,19.870964104341297
11/13/2020 08:45 PM,58.16349377465939,19.61377025344978
11/13/2020 09:00 PM,58.23040458051563,19.69963055753291
11/13/2020 09:15 PM,58.768386941918685,19.82587920027438
11/13/2020 09:30 PM,59.0614418072115,19.62609326307299
11/13/2020 09:45 PM,59.45163719158214,19.48001960409495
11/13/2020 10:00 PM,59.44557757795142,19.522409089879147
11/13/2020 10:15 PM,59.33014770497868,19.49031730893991
11/13/2020 10:30 PM,59.63020177877472,19.205369277619727
11/13/2020 10:45 PM,59.39799661042784,19.171315809461188
11/13/2020 11:00 PM,60.52080256029285,19.524291258271468
11/13/2020 11:15 PM,60.348356418880456,19.389786876255368
11/13/2020 11:30 PM,60.3145789574284,19.16800975352481
11/13/2020 11:45 PM,60.82928099351332,19.165433141923238
11/14/2020 12:00 AM,61.10714213810664,19.279604736875473
11/14/2020 12:15 AM,60.809130635738185,19.084257994461126
11/14/2020 12:30 AM,60.361119476055485,18.925689358184037
11/14/2020 12:45 AM,60.328598711611086,19.181890011479314
11/14/2020 01:00 AM,60.380303789911565,19.249525347084557
11/14/2020 01:15 AM,59.46333296404256,18.92922592040292
11/14/2020 01:30 AM,59.91883704851443,18.81040281375234
11/14/2020 01:45 AM,59.76262523861336,18.985802100071194
11/14/2020 02:00 AM,60.15334723580455,18.84328883103366
11/14/2020 02:15 AM,59.97631710543296,18.59255615371551
11/14/2020 02:30 AM,60.03359526424396,18.66231597901185
11/14/2020 02:45 AM,60.376820061441734,18.817555615780666
11/14/2020 03:00 AM,60.29760260637993,18.45729367664989
11/14/2020 03:15 AM,60.29906261066083,18.306455267191325
11/14/2020 03:30 AM,60.493303998060455,18.450174437167746
11/14/2020 03:45 AM,60.74930059507388,18.363658288717605
11/14/2020 04:00 AM,61.41610203374443,18.038011040824365
11/14/2020 04:15 AM,61.16712847812183,18.156911598413366
11/14/2020 04:30 AM,61.18997499860085,18.31476390997368
11/14/2020 04:45 AM,61.40310883636771,18.057869846539045
11/14/2020 05:00 AM,61.047533938942195,17.824275555662233
11/14/2020 05:15 AM,61.535437967481286,17.91815667740722
11/14/2020 05:30 AM,61.777318313761405,17.9417916980314
11/14/2020 05:45 AM,61.97423799494949,17.658070091637402
11/14/2020 06:00 AM,62.19190477030537,17.60993777001683
11/14/2020 06:15 AM,62.028393867365565,17.785099031094457
11/14/2020 06:30 AM,62.28164405313309,17.634661615491503
11/14/2020 06:45 AM,62.147569021605285,17.35995109192021
11/14/2020 07:00 AM,62.28618069122365,17.320054687428144
11/14/2020 07:15 AM,62.74802563085005,17.42984903204687
11/14/2020 07:30 AM,62.77452085556358,17.24176186393776
11/14/2020 07:45 AM,62.74104257264749,17.1486642406464
11/14/2020 08:00 AM,63.365480141898296,17.65690381790894
11/14/2020 08:15 AM,63.022504299109954,18.127461626329914
11/14/2020 08:30 AM,62.21537846227559,18.201856549278677
11/14/2020 08:45 AM,61.01703081309487,18.472451162091883
11/14/2020 09:00 AM,60.189100647414776,18.986392605531528
11/14/2020 09:15 AM,59.67828489178607,19.269063884441728
11/14/2020 09:30 AM,59.015952952663675,19.338984883287402
11/14/2020 09:45 AM,57.944414606260466,19.82541389094176
11/14/2020 10:00 AM,57.29481055127186,19.879206927102683
11/14/2020 10:15 AM,57.987571528276234,19.487720897881886
11/14/2020 10:30 AM,60.46003435467756,19.693250029508867
11/14/2020 10:45 AM,58.605908051553186,19.843633991771696
11/14/2020 11:00 AM,58.90241684952282,19.677974496697995
11/14/2020 11:15 AM,56.26042040094433,19.238884717538085
11/14/2020 11:30 AM,58.01830057471335,19.637610509579712
11/14/2020 11:45 AM,58.31648448233389,19.72618279943392
11/14/2020 12:00 PM,58.81133519502717,19.53175806350942
11/14/2020 12:15 PM,59.28669591876701,19.25501269054393
11/14/2020 12:30 PM,59.287433986352184,19.254648198164038
11/14/2020 12:45 PM,59.31117057205528,19.375846834656095
11/14/2020 01:00 PM,59.46951027223585,19.44724511155621
11/14/2020 01:15 PM,59.35425110181979,19.368554448999376
11/14/2020 01:30 PM,59.43105952873833,19.52751564358806
11/14/2020 01:45 PM,59.47519025685009,19.496161387840285
11/14/2020 02:00 PM,59.50135979635425,19.18360598776963
11/14/2020 02:15 PM,59.65199456645692,19.31407803833119
11/14/2020 02:30 PM,59.57321308794177,19.563635051819574
11/14/2020 02:45 PM,59.246274395047514,19.39839942053679
11/14/2020 03:00 PM,59.4951283644367,19.165347855728797
11/14/2020 03:15 PM,59.45841786737704,19.220891225370035
11/14/2020 03:30 PM,59.65472736474917,19.37742685238056
11/14/2020 03:45 PM,59.57587242763406,19.118716827665626
11/14/2020 04:00 PM,59.56600916979547,18.974392596616532
11/14/2020 04:15 PM,59.57776585862627,19.082476441604605
11/14/2020 04:30 PM,59.51696546606941,19.09791509943659
11/14/2020 04:45 PM,60.77271137018498,19.191261815749925
11/14/2020 05:00 PM,59.60940214911378,19.665933807950843
11/14/2020 05:15 PM,57.992862635255754,20.243239013161375
11/14/2020 05:30 PM,58.30528800902098,20.283933860671432
11/14/2020 05:45 PM,58.62943589904636,19.880687158647827
11/14/2020 06:00 PM,59.394719962234106,19.967580979298667
11/14/2020 06:15 PM,59.527843463689095,20.013747970243035
11/14/2020 06:30 PM,59.53750595548458,19.806783662169014
11/14/2020 06:45 PM,59.76438752951387,19.862258201334548
11/14/2020 07:00 PM,59.70277620525924,20.33475033237825
11/14/2020 07:15 PM,59.523518040297546,20.116043633685262
11/14/2020 07:30 PM,59.7381893627195,19.800419532091166
11/14/2020 07:45 PM,59.826952260832954,19.84047877208603
11/14/2020 08:00 PM,59.54682495526933,19.998264387457592
11/14/2020 08:15 PM,59.660569354461835,19.74261778602507
11/14/2020 08:30 PM,59.3009842887532,19.485700249384752
11/14/2020 08:45 PM,60.02635167871654,19.65086777477152
11/14/2020 09:00 PM,61.01780278262957,19.596651563966404
11/14/2020 09:15 PM,60.65062213435753,19.213056253126346
11/14/2020 09:30 PM,60.68728410251233,19.16678171169653
11/14/2020 09:45 PM,60.63105213691722,19.312568372545652
11/14/2020 10:00 PM,61.96715846955098,19.590672539542783
11/14/2020 10:15 PM,60.689613711148326,19.770398417820996
11/14/2020 10:30 PM,59.47251357777685,20.182073394299998
11/14/2020 10:45 PM,58.617861184174295,20.561869479416952
11/14/2020 11:00 PM,58.136540397877496,20.405845920415878
11/14/2020 11:15 PM,58.71146149135732,20.05962583405104
11/14/2020 11:30 PM,58.73875217270564,20.12379135825239
11/14/2020 11:45 PM,59.357901064408686,20.111640840095266
11/15/2020 12:00 AM,59.74565319971126,19.895876180950268
11/15/2020 12:15 AM,59.99633330691998,19.812998216128268
11/15/2020 12:30 AM,60.59691325668811,19.989386755209686
11/15/2020 12:45 AM,60.55768283043911,19.81558150468239
11/15/2020 01:00 AM,60.564852543459594,19.529524993472315
11/15/2020 01:15 AM,61.15977617876803,19.541635086602398
11/15/2020 01:30 AM,61.24515472364965,19.696729809780997
11/15/2020 01:45 AM,61.45468020966611,19.4406511132677
11/15/2020 02:00 AM,61.33133729307098,19.21279963898388
11/15/2020 02:15 AM,61.47641073045114,19.36014187177553
11/15/2020 02:30 AM,62.20858209230072,19.28575263732691
11/15/2020 02:45 AM,61.53957282093098,18.95940066828298
11/15/2020 03:00 AM,61.48996906924034,18.947167273719998
11/15/2020 03:15 AM,61.388210275903155,19.09398606176534
11/15/2020 03:30 AM,61.39249811277049,18.91674304042069
11/15/2020 03:45 AM,61.594713187015365,18.64667879760489
11/15/2020 04:00 AM,61.915717357114254,18.777730646597295
11/15/2020 04:15 AM,62.25601784799879,18.862178674896068
11/15/2020 04:30 AM,62.259971721472304,18.47460290338276
11/15/2020 04:45 AM,62.34864403328157,18.443398158364065
11/15/2020 05:00 AM,62.424479892972045,18.673893681886998
11/15/2020 05:15 AM,62.52362888940446,18.590245115053875
11/15/2020 05:30 AM,62.962585404110804,18.289902860119575
11/15/2020 05:45 AM,63.05949713825671,18.32662172188832
11/15/2020 06:00 AM,63.231988108925975,18.452493904569994
11/15/2020 06:15 AM,63.110163942592365,18.264699949929533
11/15/2020 06:30 AM,62.958290900834754,18.111615589190386
11/15/2020 06:45 AM,63.259503621485564,18.287733281556612
11/15/2020 07:00 AM,62.96731976211478,18.288028136235944
11/15/2020 07:15 AM,63.22715564623613,18.07689727471451
11/15/2020 07:30 AM,63.30894166507681,18.04564270639561
11/15/2020 07:45 AM,63.45670462720124,18.153743883547047
11/15/2020 08:00 AM,64.15628227118916,18.10896585079778
11/15/2020 08:15 AM,64.39547792781245,18.31783009088448
11/15/2020 08:30 AM,63.51762330778573,18.881092929711713
11/15/2020 08:45 AM,62.883087408952285,19.372745760395397
11/15/2020 09:00 AM,61.968881927369864,19.491558846588607
11/15/2020 09:15 AM,61.325591036370774,19.6745038770596
11/15/2020 09:30 AM,60.97316088302947,19.647042503236346
11/15/2020 09:45 AM,61.44910126677683,19.616711160952562
11/15/2020 10:00 AM,61.983806203112294,19.48275363345252
11/15/2020 10:15 AM,61.96886776640654,19.80978088417391
11/15/2020 10:30 AM,61.68851805319231,19.943298792102595
11/15/2020 10:45 AM,61.506251755235986,19.82850541945399
11/15/2020 11:00 AM,61.456861646010125,19.600264515548457
11/15/2020 11:15 AM,62.219296153722546,19.883835432702696
11/15/2020 11:30 AM,61.31390618564948,20.18798883220692
11/15/2020 11:45 AM,61.68114969116394,19.881832178328782
11/15/2020 12:00 PM,61.59262036222792,19.70521305499802
11/15/2020 12:15 PM,61.60586842808375,19.946460360215962
11/15/2020 12:30 PM,62.7978094572449,19.963545489999298
11/15/2020 12:45 PM,62.61310949355049,19.781030545701853
11/15/2020 01:00 PM,63.569660642593455,19.75031206760082
11/15/2020 01:15 PM,63.480938525823476,19.897648376517694
11/15/2020 01:30 PM,63.21213063039775,19.789808469390657
11/15/2020 01:45 PM,63.14934498446772,19.583249385694835
11/15/2020 02:00 PM,62.479428383768926,19.916885373447972
11/15/2020 02:15 PM,61.94389074977222,20.093489758976617
11/15/2020 02:30 PM,62.387581323044174,19.83631715863173
11/15/2020 02:45 PM,61.97319200844171,19.78047662690667
11/15/2020 03:00 PM,62.51380571327257,19.920050325550168
11/15/2020 03:15 PM,62.291962522060736,19.859828048779182
11/15/2020 03:30 PM,62.34029509674236,19.63998504160752
11/15/2020 03:45 PM,62.63827068371037,19.65078827430213
11/15/2020 04:00 PM,62.25147704311092,19.88216621241127
11/15/2020 04:15 PM,62.57748269597516,19.715579773027276
11/15/2020 04:30 PM,61.98237623723149,19.656416064979844
11/15/2020 04:45 PM,61.37135754268489,20.08960993601745
11/15/2020 05:00 PM,61.71069667209307,20.142970468485988
11/15/2020 05:15 PM,61.33239647620578,19.85245323184057
11/15/2020 05:30 PM,61.78770706404275,19.76436525370841
11/15/2020 05:45 PM,61.48544246890933,19.999614513843262
11/15/2020 06:00 PM,62.18569902073522,19.972206312259807
11/15/2020 06:15 PM,62.6699087988557,19.736778710723826
11/15/2020 06:30 PM,62.28891139977037,19.78678769884504
11/15/2020 06:45 PM,62.66871282050654,19.958721347576116
11/15/2020 07:00 PM,62.38616835648312,19.711124937069055
11/15/2020 07:15 PM,62.44450600601844,19.56123827591811
11/15/2020 07:30 PM,62.679319751071176,19.85185714589602
11/15/2020 07:45 PM,62.343020578499726,20.0179319796314
11/15/2020 08:00 PM,61.78869582723553,20.111442116672432
11/15/2020 08:15 PM,61.4167893272789,19.964849123082416
11/15/2020 08:30 PM,61.51469044758421,20.074303735854414
11/15/2020 08:45 PM,61.31088221604335,19.95303840966249
11/15/2020 09:00 PM,61.332550560451544,19.708688905205477
11/15/2020 09:15 PM,61.71841533453186,19.874352374603866
11/15/2020 09:30 PM,61.35108664646897,20.039164038899674
11/15/2020 09:45 PM,62.226591733626144,20.00571666000686
11/15/2020 10:00 PM,61.62721210130059,19.996859560319972
11/15/2020 10:15 PM,61.41458591286941,20.07796520768842
11/15/2020 10:30 PM,61.736375361273375,20.00036409500991
11/15/2020 10:45 PM,61.41101179018897,19.820516509041106
11/15/2020 11:00 PM,61.68149994473279,19.790693753643946
11/15/2020 11:15 PM,61.555557859228415,20.02874224010205
11/15/2020 11:30 PM,61.53421719568387,19.908984744486975
11/15/2020 11:45 PM,61.84803572416926,19.6627887847398
11/16/2020 12:00 AM,61.99658960707479,19.72890105586611
11/16/2020 12:15 AM,62.334841123989555,19.814986014854707
11/16/2020 12:30 AM,62.207905073061255,19.557182829898085
11/16/2020 12:45 AM,62.38532882035462,19.423167527079304
11/16/2020 01:00 AM,62.49239386360044,19.552648121064262
11/16/2020 01:15 AM,62.40788782789248,19.494770671310683
11/16/2020 01:30 AM,62.6588076040064,19.118683807263707
11/16/2020 01:45 AM,62.805977958360344,19.06651538418831
11/16/2020 02:00 AM,62.8376009998042,19.232602464075832
11/16/2020 02:15 AM,62.340300300339756,19.120692498599297
11/16/2020 02:30 AM,62.25442033650942,18.868658305190262
11/16/2020 02:45 AM,62.42164455434188,18.965901035469507
11/16/2020 03:00 AM,62.23817587034993,19.077012080759037
11/16/2020 03:15 AM,62.59973022983205,18.73326519018524
11/16/2020 03:30 AM,62.92682458111606,18.5333835295379
11/16/2020 03:45 AM,63.078437088147474,18.785972064916137
11/16/2020 04:00 AM,63.368529611350844,18.68820272451324
11/16/2020 04:15 AM,63.159738403120535,18.42756327323974
11/16/2020 04:30 AM,63.43218098608202,18.48136382648738
11/16/2020 04:45 AM,63.23307879068848,18.6067002204834
11/16/2020 05:00 AM,63.351717239622396,18.36191533969589
11/16/2020 05:15 AM,63.6600242244465,18.12985863708602
11/16/2020 05:30 AM,63.85406942814605,18.292597409342978
11/16/2020 05:45 AM,64.23429182976373,18.350911150673333
11/16/2020 06:00 AM,63.97002531358254,18.073961490794563
11/16/2020 06:15 AM,64.18135599240661,18.03647949168801
11/16/2020 06:30 AM,64.1649417070292,18.214783553863192
11/16/2020 06:45 AM,64.01357685223671,18.01855748230545
11/16/2020 07:00 AM,65.2075304144581,17.873317579646784
11/16/2020 07:15 AM,65.3873554658339,18.498563546075914
11/16/2020 07:30 AM,64.54679432944766,18.98557591392797
11/16/2020 07:45 AM,63.5422866900376,19.098233407207793
11/16/2020 08:00 AM,62.95931096473294,19.392715225600853
11/16/2020 08:15 AM,61.89607906410765,19.901586960897077
11/16/2020 08:30 AM,60.499449608994524,20.06929415160313
11/16/2020 08:45 AM,60.929045893941876,19.633896721528007
11/16/2020 09:00 AM,61.337125076307416,19.52462331457884
11/16/2020 09:15 AM,61.70887251750805,19.5860824871337
11/16/2020 09:30 AM,62.20174650028028,19.41862641551441
11/16/2020 09:45 AM,62.15400251601121,19.182786260482036
11/16/2020 10:00 AM,62.741306753402235,19.27921769018328
11/16/2020 10:15 AM,63.492111100516134,18.934087710107406
11/16/2020 10:30 AM,64.05247071032541,19.358888966170063
11/16/2020 10:45 AM,62.87911008736065,19.539784283971787
11/16/2020 11:00 AM,62.2471002348923,19.652824429363363
11/16/2020 11:15 AM,63.04113200594164,19.685204645040717
11/16/2020 11:30 AM,63.824769017283316,19.437233985979365
11/16/2020 11:45 AM,64.15999450427411,19.458106716967208
11/16/2020 12:00 PM,63.932733422621084,19.836977293122505
11/16/2020 12:15 PM,62.46987900296027,20.025504111480505
11/16/2020 12:30 PM,62.48043005983775,19.752286465581548
11/16/2020 12:45 PM,61.18177246151988,20.32681656139235
11/16/2020 01:00 PM,60.060581862729535,20.968346006997344
11/16/2020 01:15 PM,58.94632580846278,21.06509071941779
11/16/2020 01:30 PM,57.76816675493054,21.159207761202957
11/16/2020 01:45 PM,58.6220729376695,21.156856611894053
11/16/2020 02:00 PM,58.88631148553888,21.09112136155941
11/16/2020 02:15 PM,58.71003508697988,21.14707523930189
11/16/2020 02:30 PM,58.03093882545128,21.208850925195115
11/16/2020 02:45 PM,58.67173631074252,21.184424374412618
11/16/2020 03:00 PM,59.60055975311163,20.9894379001127
11/16/2020 03:15 PM,59.409348602137676,20.72669189912764
11/16/2020 03:30 PM,59.80698129106858,20.82566820225892
11/16/2020 03:45 PM,59.65418988633966,20.894924393602736
11/16/2020 04:00 PM,59.86374839129609,20.652946466952038
11/16/2020 04:15 PM,60.49565052397702,20.725148983274952
11/16/2020 04:30 PM,59.51336499416572,21.12511566100968
11/16/2020 04:45 PM,60.41731761930415,20.91030290728941
11/16/2020 05:00 PM,60.40751627608425,20.63495705039102
11/16/2020 05:15 PM,60.508855461450004,20.728836786647868
11/16/2020 05:30 PM,61.47520903778436,20.91971593244982
11/16/2020 05:45 PM,61.974659640885626,20.71368674704724
11/16/2020 06:00 PM,62.742183225451946,20.401766271739206
11/16/2020 06:15 PM,62.21941269400201,20.550513721554882
11/16/2020 06:30 PM,62.4259084744708,20.692802319209626
11/16/2020 06:45 PM,62.53667207613049,20.62854702203291
11/16/2020 07:00 PM,62.32071846010351,20.56303916796285
11/16/2020 07:15 PM,62.76682579241123,20.749333205166145
11/16/2020 07:30 PM,62.232408159865784,20.73833027030841
11/16/2020 07:45 PM,62.58436365355691,20.519536682650255
11/16/2020 08:00 PM,62.41201530543868,20.476997005224614
11/16/2020 08:15 PM,62.47624884196511,20.73705922582766
11/16/2020 08:30 PM,62.625146579048,20.669411990050747
11/16/2020 08:45 PM,62.48235936982814,20.534565293182883
11/16/2020 09:00 PM,62.598148137963655,20.623789762683046
11/16/2020 09:15 PM,62.43870735921444,20.643465606627608
11/16/2020 09:30 PM,62.6278790958221,20.490652846687663
11/16/2020 09:45 PM,62.35816973359012,20.50648889156226
11/16/2020 10:00 PM,62.31422114954861,20.78526844704
11/16/2020 10:15 PM,62.216349142118844,20.789147785348323
11/16/2020 10:30 PM,62.535174436468814,20.534102676850697
11/16/2020 10:45 PM,62.48152907783256,20.43090965041454
11/16/2020 11:00 PM,62.850398356532295,20.516739036722843
11/16/2020 11:15 PM,63.53660599954897,20.33311120355361
11/16/2020 11:30 PM,63.041521486998896,20.27978392997954
11/16/2020 11:45 PM,63.5126401410137,20.467258826134792
11/17/2020 12:00 AM,62.9240108318745,20.467756274912276
11/17/2020 12:15 AM,63.101684252578885,20.14797617545304
11/17/2020 12:30 AM,63.29157077023964,20.04744065900725
11/17/2020 12:45 AM,63.41986396057366,20.304856275392126
11/17/2020 01:00 AM,62.969491095844184,20.17101693841986
11/17/2020 01:15 AM,63.182886479480565,20.02879705968835
11/17/2020 01:30 AM,63.21162880739274,20.07667627236435
11/17/2020 01:45 AM,63.64226233751334,20.14773829455477
11/17/2020 02:00 AM,63.36791416052233,19.879248432934627
11/17/2020 02:15 AM,63.42306098204843,19.77533383465054
11/17/2020 02:30 AM,63.526174219829365,19.882145740732007
11/17/2020 02:45 AM,63.493549239364484,20.161746492714087
11/17/2020 03:00 AM,64.13137808783128,19.7093309414525
11/17/2020 03:15 AM,63.8446260084694,19.632483971236002
11/17/2020 03:30 AM,64.41761639810125,19.608918920610794
11/17/2020 03:45 AM,64.08028720654717,19.549182531208082
11/17/2020 04:00 AM,64.39265766259979,19.46457637973554
11/17/2020 04:15 AM,63.20668502479727,19.5884299547591
11/17/2020 04:30 AM,62.30025477352248,19.594100312024715
11/17/2020 04:45 AM,63.16722529750485,19.285740827575616
11/17/2020 05:00 AM,63.62446318253271,19.28393766545262
11/17/2020 05:15 AM,63.60064312919762,19.541511821032422
11/17/2020 05:30 AM,63.94665345730117,19.419120156074005
11/17/2020 05:45 AM,63.825627485099965,19.164863779391375
11/17/2020 06:00 AM,64.30174606065084,19.255373543765884
11/17/2020 06:15 AM,64.04375279309636,19.397321566121573
11/17/2020 06:30 AM,64.29444782419189,19.137560072207524
11/17/2020 06:45 AM,63.555947138804534,19.048827278850986
11/17/2020 07:00 AM,61.5830558917019,19.433239104645146
11/17/2020 07:15 AM,60.61681097617893,19.902639794778693
11/17/2020 07:30 AM,60.5171528544984,19.954190021774536
11/17/2020 07:45 AM,60.55231510738048,19.87360070738817
11/17/2020 08:00 AM,61.34046111026799,20.04967045471533
11/17/2020 08:15 AM,61.4034781504211,19.97441565241729
11/17/2020 08:30 AM,61.878291303805184,19.72463730144398
11/17/2020 08:45 AM,61.729810106047715,19.77858493860633
11/17/2020 09:00 AM,62.3482082540936,19.94200112830368
11/17/2020 09:15 AM,62.492855441543306,19.72871643307587
11/17/2020 09:30 AM,62.55246021577678,19.603584903522705
11/17/2020 09:45 AM,62.471648289731576,19.798918327945554
11/17/2020 10:00 AM,62.609137373084195,19.935180305672226
11/17/2020 10:15 AM,62.46167047354612,19.746061911967676
11/17/2020 10:30 AM,62.553357858170294,19.776532263358032
11/17/2020 10:45 AM,62.437343231126356,19.87777895165028
11/17/2020 11:00 AM,62.51159511299202,19.839182370888867
11/17/2020 11:15 AM,63.197567195591446,19.740411393542008
11/17/2020 11:30 AM,63.469282946537255,19.956997709925894
11/17/2020 11:45 AM,63.512218736811775,20.162813858887095
11/17/2020 12:00 PM,63.59277354219293,19.8922834371374
11/17/2020 12:15 PM,63.42055836365048,19.841857176698092
11/17/2020 12:30 PM,63.48349933269405,20.053083497885286
11/17/2020 12:45 PM,63.49231682194911,20.080068805554816
11/17/2020 01:00 PM,63.3662085138245,19.927104230323515
11/17/2020 01:15 PM,63.51580944222204,19.995792215642094
11/17/2020 01:30 PM,63.73542913886202,20.187591344227826
11/17/2020 01:45 PM,63.86739822887384,20.372929613638508
11/17/2020 02:00 PM,63.38114854860089,20.14718618232069
11/17/2020 02:15 PM,63.39614815407405,20.311264215873948
11/17/2020 02:30 PM,63.48124717179523,20.43056167464715
11/17/2020 02:45 PM,63.49381762680607,20.153171151690646
11/17/2020 03:00 PM,63.3635721355768,20.01041896632184
11/17/2020 03:15 PM,63.57345455080704,20.25279523042418
11/17/2020 03:30 PM,63.32717007888808,20.34299035088256
11/17/2020 03:45 PM,63.56581018395962,20.177622497419406
11/17/2020 04:00 PM,63.366294266348206,20.219726590945555
11/17/2020 04:15 PM,63.62300295755673,20.363328484665775
11/17/2020 04:30 PM,63.946806589451846,20.601981274279627
11/17/2020 04:45 PM,62.48496981621692,20.851750363604566
11/17/2020 05:00 PM,61.53458536998659,21.20282224371644
11/17/2020 05:15 PM,62.14000240525246,21.235387867940712
11/17/2020 05:30 PM,62.5042509635797,21.03300476456416
11/17/2020 05:45 PM,62.704759615079794,20.90867069963046
11/17/2020 06:00 PM,62.603983285534,21.061282797076046
11/17/2020 06:15 PM,62.64101398814378,21.0458214214668
11/17/2020 06:30 PM,62.112366181973194,20.907872240085187
11/17/2020 06:45 PM,62.58408462821558,21.022845373238624
11/17/2020 07:00 PM,62.253293854916805,21.07769120825535
11/17/2020 07:15 PM,62.762354524746314,20.861872682606027
11/17/2020 07:30 PM,62.48431229916921,20.75972169054483
11/17/2020 07:45 PM,62.87763028180169,20.957239857974596
11/17/2020 08:00 PM,62.89757966295106,20.96024729035394
11/17/2020 08:15 PM,62.71685798343215,20.717034715570573
11/17/2020 08:30 PM,62.63244314412187,20.687038423177057
11/17/2020 08:45 PM,62.84940833965087,20.788400799220796
11/17/2020 09:00 PM,62.46884701408518,20.62403253930802
11/17/2020 09:15 PM,62.66297584517796,20.403649300139257
11/17/2020 09:30 PM,62.46813976008113,20.536392869467754
11/17/2020 09:45 PM,63.03332908836683,20.54704563173632
11/17/2020 10:00 PM,63.07688043347022,20.306291860179982
11/17/2020 10:15 PM,62.836256015127226,20.23115827764171
11/17/2020 10:30 PM,62.97793875702595,20.339437155449524
11/17/2020 10:45 PM,63.398749037756055,20.29359446104391
11/17/2020 11:00 PM,63.145387788186305,20.008045540075376
11/17/2020 11:15 PM,63.24880832045168,20.03697693587582
11/17/2020 11:30 PM,63.363623643255565,20.364543226297037
11/17/2020 11:45 PM,62.835167024513034,20.09948170079759
11/18/2020 12:00 AM,62.56262193311042,19.86279002977854
11/18/2020 12:15 AM,62.43602977795176,19.97910905841317
11/18/2020 12:30 AM,62.662982044427075,20.07663120486996
11/18/2020 12:45 AM,62.66184059076957,19.87720678571945
11/18/2020 01:00 AM,62.7878822633216,19.746743642257204
11/18/2020 01:15 AM,62.861154741251426,19.89139555781766
11/18/2020 01:30 AM,63.256113028765164,19.715171801831335
11/18/2020 01:45 AM,63.14463146913664,19.39391559311343
11/18/2020 02:00 AM,63.5505460607397,19.39008042450097
11/18/2020 02:15 AM,63.798115160664175,19.507355585319186
11/18/2020 02:30 AM,64.11523148431456,19.284478725674866
11/18/2020 02:45 AM,63.43296052098811,18.964556347938146
11/18/2020 03:00 AM,63.274145724458464,18.98339474563827
11/18/2020 03:15 AM,63.195743770174474,19.04224169304595
11/18/2020 03:30 AM,63.46483940608238,18.760357740369535
11/18/2020 03:45 AM,63.091371190151335,18.658510803619155
11/18/2020 04:00 AM,63.85916387099751,18.721608963950043
11/18/2020 04:15 AM,63.85064512683845,18.646031553524434
11/18/2020 04:30 AM,64.29964692205122,18.35818094718398
11/18/2020 04:45 AM,64.2076196504676,18.265491015541535
11/18/2020 05:00 AM,64.45874418020688,18.446892958272063
11/18/2020 05:15 AM,64.86526636150582,18.28287178623873
11/18/2020 05:30 AM,65.04172006846075,18.121157915496124
11/18/2020 05:45 AM,64.95823091484237,18.225032848287114
11/18/2020 06:00 AM,65.01875705041972,18.282597091792717
11/18/2020 06:15 AM,64.85736916168513,18.05747181717988
11/18/2020 06:30 AM,64.98734608101609,17.940805389454386
11/18/2020 06:45 AM,65.12198459651002,18.095838061402958
11/18/2020 07:00 AM,65.99976872338281,18.173065697014554
11/18/2020 07:15 AM,67.52167699567153,18.37138999989746
11/18/2020 07:30 AM,66.46726689033088,18.74744474747127
11/18/2020 07:45 AM,66.06532454810119,19.238228822113648
11/18/2020 08:00 AM,65.28488594179012,19.38493817075568
11/18/2020 08:15 AM,63.999696778518015,19.625294346861878
11/18/2020 08:30 AM,62.40127025759226,19.852489535823562
11/18/2020 08:45 AM,62.792821373677256,19.620975604887093
11/18/2020 09:00 AM,63.440978168612816,19.562576027066736
11/18/2020 09:15 AM,62.35858674149079,19.99015635980396
11/18/2020 09:30 AM,62.29259275429727,20.058428981837253
11/18/2020 09:45 AM,62.5528238624741,19.80007394133827
11/18/2020 10:00 AM,63.146834784477896,19.5445675483632
11/18/2020 10:15 AM,62.90367382076312,20.07473314522752
11/18/2020 10:30 AM,62.31396788787963,20.179295633493346
11/18/2020 10:45 AM,63.15923352848109,19.87529207495273
11/18/2020 11:00 AM,63.37652208844372,19.746648404173126
11/18/2020 11:15 AM,63.44104866860943,19.96546866864915
11/18/2020 11:30 AM,63.430933632099446,19.997147052735762
11/18/2020 11:45 AM,63.52255172959527,19.731780873993028
11/18/2020 12:00 PM,63.33919632597898,19.745287803146425
11/18/2020 12:15 PM,63.644431600536294,19.971057171870726
11/18/2020 12:30 PM,63.305373063024376,19.85847335194967
11/18/2020 12:45 PM,63.623817738531585,19.645009823723594
11/18/2020 01:00 PM,63.339166683756815,19.655653297355265
11/18/2020 01:15 PM,63.63644807693932,19.67897139951338
11/18/2020 01:30 PM,63.39005959055966,19.433185198438316
11/18/2020 01:45 PM,63.57499058971482,19.35033752740707
11/18/2020 02:00 PM,64.03322470029492,19.573641735534192
11/18/2020 02:15 PM,64.43821880364014,19.508578423415198
11/18/2020 02:30 PM,64.06304664122682,19.190770957222483
11/18/2020 02:45 PM,66.13490640043953,19.456238785557147
11/18/2020 03:00 PM,64.88164696280941,20.026906432899622
11/18/2020 03:15 PM,63.594498429807,20.20664876011248
11/18/2020 03:30 PM,63.44655337139098,20.088734378021922
11/18/2020 03:45 PM,63.564200550500395,20.263630444090662
11/18/2020 04:00 PM,63.34635134187033,20.23565871003486
11/18/2020 04:15 PM,63.883389495213706,19.91145416520591
11/18/2020 04:30 PM,63.32192666162118,19.894351281660786
11/18/2020 04:45 PM,63.76995101876031,20.184073554445703
11/18/2020 05:00 PM,63.09308641608289,20.488188562585485
11/18/2020 05:15 PM,62.83914080260712,20.434870980502282
11/18/2020 05:30 PM,62.5132791994197,20.406886240245193
11/18/2020 05:45 PM,62.70373096902041,20.48146125862456
11/18/2020 06:00 PM,62.43904256500559,20.226000990846487
11/18/2020 06:15 PM,62.62864245150218,20.006612869489555
11/18/2020 06:30 PM,62.39009181647764,20.164451644835637
11/18/2020 06:45 PM,62.52997931023891,20.207011356405143
11/18/2020 07:00 PM,62.41373111629446,19.853422503561312
11/18/2020 07:15 PM,62.52781986226965,19.752757979123153
11/18/2020 07:30 PM,62.731808013825706,19.95558642831033
11/18/2020 07:45 PM,63.13111498380391,19.944893822028078
11/18/2020 08:00 PM,62.663756152986764,19.70960905661446
11/18/2020 08:15 PM,62.56125100572858,19.76998993432597
11/18/2020 08:30 PM,62.438529931423545,19.99193062797225
11/18/2020 08:45 PM,62.44053309240858,19.480162745138717
11/18/2020 09:00 PM,62.46987704097668,19.487643882665896
11/18/2020 09:15 PM,62.17385127084482,19.696255576105845
11/18/2020 09:30 PM,62.384332320170735,19.725787600947818
11/18/2020 09:45 PM,62.25615443684945,19.4451824301649
11/18/2020 10:00 PM,62.325083848899126,19.36978618870605
11/18/2020 10:15 PM,62.308495963652135,19.581607063351974
11/18/2020 10:30 PM,62.499516316358374,19.487382004750142
11/18/2020 10:45 PM,62.34859173152933,19.300660923613187
11/18/2020 11:00 PM,62.710901957406264,19.452507660582405
11/18/2020 11:15 PM,62.353988275760344,19.415651928449872
11/18/2020 11:30 PM,62.75872883938782,19.23062182315454
11/18/2020 11:45 PM,62.47546818110505,19.14699833321289
11/19/2020 12:00 AM,62.546885715963754,19.36335430568584
11/19/2020 12:15 AM,62.55734542375767,19.292433839971807
11/19/2020 12:30 AM,62.35545138631442,19.09931976498393
11/19/2020 12:45 AM,61.59671761673162,19.0977742397606
11/19/2020 01:00 AM,62.08910065825546,19.213000020390627
11/19/2020 01:15 AM,61.848862349541534,19.048745452217084
11/19/2020 01:30 AM,62.47504616597108,18.8217207388678
11/19/2020 01:45 AM,62.2947687567744,18.97401130329271
11/19/2020 02:00 AM,62.45079068579124,19.01242054406378
11/19/2020 02:15 AM,62.327633344599455,18.73727474693028
11/19/2020 02:30 AM,62.42754171137969,18.58078936247625
11/19/2020 02:45 AM,62.555233135468,18.68959612803877
11/19/2020 03:00 AM,62.89124415458004,18.60731969541549
11/19/2020 03:15 AM,62.75076518427555,18.372676453654858
11/19/2020 03:30 AM,63.27760887105368,18.414954013847566
11/19/2020 03:45 AM,63.17422074529547,18.49163762508577
11/19/2020 04:00 AM,63.30949163412486,18.199465810230752
11/19/2020 04:15 AM,63.15855022300959,17.99160854879597
11/19/2020 04:30 AM,63.23151123773586,18.170403411391455
11/19/2020 04:45 AM,63.0199464206742,18.314107977837107
11/19/2020 05:00 AM,63.409533577528784,18.02219998691313
11/19/2020 05:15 AM,63.465169779619806,17.824220518454162
11/19/2020 05:30 AM,63.94477658352678,17.923903329800364
11/19/2020 05:45 AM,63.91392935000773,17.92549904697055
11/19/2020 06:00 AM,64.04226172259193,17.7215800006127
11/19/2020 06:15 AM,64.2693258106471,17.73274997335236
11/19/2020 06:30 AM,63.97831735625094,17.83776389680798
11/19/2020 06:45 AM,64.14244206795485,17.6168756132026
11/19/2020 07:00 AM,64.96056959638874,17.553467770233862
11/19/2020 07:15 AM,66.69644241100004,18.111003930028456
11/19/2020 07:30 AM,65.03365717908554,18.699331770274267
11/19/2020 07:45 AM,63.09381383724521,18.823594513767944
11/19/2020 08:00 AM,62.9627432424368,19.1460034076947
11/19/2020 08:15 AM,62.06666783877276,19.695730874869266
11/19/2020 08:30 AM,60.86033820481451,19.955549796327816
11/19/2020 08:45 AM,60.04076924017926,19.74123345689659
11/19/2020 09:00 AM,61.292437323648066,19.635808617010134
11/19/2020 09:15 AM,62.33280062345482,19.881298041686478
11/19/2020 09:30 AM,61.49031400634031,19.97337908137996
11/19/2020 09:45 AM,60.627075755509885,20.198853746661293
11/19/2020 10:00 AM,60.041182274910696,20.258421789830646
11/19/2020 10:15 AM,59.92636018521619,20.021022933293786
11/19/2020 10:30 AM,60.464271190279106,19.88036545791986
11/19/2020 10:45 AM,59.632795054735766,20.324596572190092
11/19/2020 11:00 AM,57.19731474750625,20.40267027452026
11/19/2020 11:15 AM,57.985783143619415,19.857087134987154
11/19/2020 11:30 AM,59.146301981836665,19.509684184240033
11/19/2020 11:45 AM,59.77859962893394,19.6495686131429
11/19/2020 12:00 PM,62.21812595438569,19.6750951439129
11/19/2020 12:15 PM,61.95305604312818,19.298377227015834
11/19/2020 12:30 PM,61.04996439051534,19.068953596347015
11/19/2020 12:45 PM,60.961319781268216,19.7028775140863
11/19/2020 01:00 PM,59.27299665269152,18.980807187025565
11/19/2020 01:15 PM,60.46483917487186,18.22042670269024
11/19/2020 01:30 PM,60.54866099384459,18.857099811762826
11/19/2020 01:45 PM,59.32269463541598,19.240028833952266
11/19/2020 02:00 PM,61.10406754035183,19.0293438520856
11/19/2020 02:15 PM,60.4961767586477,18.47847294943967
11/19/2020 02:30 PM,60.981782431258736,18.435114192799517
11/19/2020 02:45 PM,60.21259491378432,18.897922510657786
11/19/2020 03:00 PM,61.42508110458983,19.048548149515014
11/19/2020 03:15 PM,60.52803488885066,18.89383752267887
11/19/2020 03:30 PM,62.6310706766251,19.317494361800616
11/19/2020 03:45 PM,61.70235977509261,19.799460655003678
11/19/2020 04:00 PM,61.007831775420236,19.914075943963706
11/19/2020 04:15 PM,60.307260980834215,19.856726915491013
11/19/2020 04:30 PM,60.7264553417578,19.960945095070166
11/19/2020 04:45 PM,60.30215364058094,19.625927419350823
11/19/2020 05:00 PM,60.57841710088725,19.981078243510588
11/19/2020 05:15 PM,59.61596658666618,20.429079122665
11/19/2020 05:30 PM,59.87966295059502,20.356002154538363
11/19/2020 05:45 PM,59.52806921789322,20.055283278336283
11/19/2020 06:00 PM,60.26189564634771,20.067178458547936
11/19/2020 06:15 PM,60.45261841481778,20.172871718529237
11/19/2020 06:30 PM,60.59405108153992,20.04251112941167
11/19/2020 06:45 PM,60.454921099802036,19.83264591250266
11/19/2020 07:00 PM,60.650019030482866,19.89614472119409
11/19/2020 07:15 PM,60.34776523089734,19.83584285027069
11/19/2020 07:30 PM,60.53991207434583,19.715876673243994
11/19/2020 07:45 PM,60.69809986735971,19.52571720751929
11/19/2020 08:00 PM,60.5636198135846,19.626248550103604
11/19/2020 08:15 PM,60.651886403798684,19.76695277063505
11/19/2020 08:30 PM,61.007600743194025,19.785617960284885
11/19/2020 08:45 PM,60.60677305657569,19.849619527439415
11/19/2020 09:00 PM,60.57621526527326,19.724898201748857
11/19/2020 09:15 PM,60.65925961308844,19.6088541881671
11/19/2020 09:30 PM,61.090259613898255,19.407646851766945
11/19/2020 09:45 PM,61.30916130027124,19.381427779571087
11/19/2020 10:00 PM,61.35154564239538,19.357898927602005
11/19/2020 10:15 PM,61.30019660917462,19.48717804900097
11/19/2020 10:30 PM,61.402893386045626,19.490661565950013
11/19/2020 10:45 PM,61.55527509788764,19.555927758565705
11/19/2020 11:00 PM,61.41610003356591,19.374547170954603
11/19/2020 11:15 PM,61.48183643570598,19.28916043377914
11/19/2020 11:30 PM,61.60052452176829,19.104046384501277
11/19/2020 11:45 PM,61.58477666678639,19.031838794532074
11/20/2020 12:00 AM,61.235202559089515,19.02344750711576
11/20/2020 12:15 AM,61.33793408631259,19.11678914238662
11/20/2020 12:30 AM,61.3334078708909,19.016243111429393
11/20/2020 12:45 AM,61.403717135101125,19.00936688423953
11/20/2020 01:00 AM,61.363313501268486,18.858441025089878
11/20/2020 01:15 AM,61.62672398381931,18.635736651020494
11/20/2020 01:30 AM,62.04601286499737,18.471078205761174
11/20/2020 01:45 AM,62.23504828453822,18.523696361347696
11/20/2020 02:00 AM,62.40261302226018,18.401894672843966
11/20/2020 02:15 AM,62.39891344260191,18.50263944438049
11/20/2020 02:30 AM,62.308553590904786,18.57846974093801
11/20/2020 02:45 AM,62.40880113961438,18.456579047631454
11/20/2020 03:00 AM,63.14483390240441,18.148494423124838
11/20/2020 03:15 AM,63.199767215177594,18.153014993816676
11/20/2020 03:30 AM,63.19037244438947,17.985925510516438
11/20/2020 03:45 AM,63.153233393095114,18.0088591322196
11/20/2020 04:00 AM,63.167394906345855,18.09041776634777
11/20/2020 04:15 AM,63.164083750079314,18.163700076675255
11/20/2020 04:30 AM,63.18950619068893,18.000221689668955
11/20/2020 04:45 AM,63.83464523648257,17.94245156763258
11/20/2020 05:00 AM,63.92124348322051,17.81188123207388
11/20/2020 05:15 AM,64.08500907392069,17.648686446557036
11/20/2020 05:30 AM,64.0941044633934,17.615907225444708
11/20/2020 05:45 AM,63.99852923266709,17.673424628898903
11/20/2020 06:00 AM,64.06402216060562,17.690165102204578
11/20/2020 06:15 AM,64.20521940313779,17.70267455349776
11/20/2020 06:30 AM,64.04452977215745,17.727612124220304
11/20/2020 06:45 AM,64.28795681923836,17.523228546333034
11/20/2020 07:00 AM,65.09936816876225,17.47119534289501
11/20/2020 07:15 AM,66.01828575076682,17.859557207227365
11/20/2020 07:30 AM,64.87387434518396,18.315510806254206
11/20/2020 07:45 AM,63.54294673480206,18.781553143443514
11/20/2020 08:00 AM,62.37989213761116,19.271927129788804
11/20/2020 08:15 AM,61.91794627627584,19.520324608134455
11/20/2020 08:30 AM,61.463732963430694,19.75633052373186
11/20/2020 08:45 AM,60.76920512072844,19.7319248356322
11/20/2020 09:00 AM,61.0831240133117,19.448228504642643
11/20/2020 09:15 AM,60.98086157463019,19.892849750828823
11/20/2020 09:30 AM,60.36394515768961,19.823221896196152
11/20/2020 09:45 AM,60.04360193569378,19.581165668944056
11/20/2020 10:00 AM,60.674688437691344,19.812039963088854
11/20/2020 10:15 AM,60.95366842254415,20.199589571063413
11/20/2020 10:30 AM,60.634610440588496,20.092405758118208
11/20/2020 10:45 AM,61.53271085316428,19.84972551900697
11/20/2020 11:00 AM,61.52103796783673,19.601112786438645
11/20/2020 11:15 AM,61.76127337498044,19.66738329773479
11/20/2020 11:30 AM,62.3607354090996,19.69210444394301
11/20/2020 11:45 AM,62.525209813897796,19.776733652498084
11/20/2020 12:00 PM,61.89442810197468,20.115702850823293
11/20/2020 12:15 PM,61.46182359968294,19.700656634932667
11/20/2020 12:30 PM,61.812634693384524,19.978608055181848
11/20/2020 12:45 PM,62.32401097681495,19.828911409838856
11/20/2020 01:00 PM,62.76115061505269,19.70938334473858
11/20/2020 01:15 PM,62.60148772134041,19.770784998082203
11/20/2020 01:30 PM,62.47856003758649,19.78624291146838
11/20/2020 01:45 PM,62.254547256996894,19.819518041361672
11/20/2020 02:00 PM,61.9259376171396,19.52570920560235
11/20/2020 02:15 PM,62.632146058689514,19.484715565314065
11/20/2020 02:30 PM,63.234280337398765,19.511675630765925
11/20/2020 02:45 PM,64.16119516217299,19.724709873139428
11/20/2020 03:00 PM,69.16283817088,19.791774674897773
11/20/2020 03:15 PM,63.146652299549466,19.383648778438616
11/20/2020 03:30 PM,61.817865098876936,19.087229831883203
11/20/2020 03:45 PM,62.07138677033188,19.689712181400587
11/20/2020 04:00 PM,61.786726691325484,19.895771079349736
11/20/2020 04:15 PM,60.99444851676385,20.346649877117386
11/20/2020 04:30 PM,59.949158308523224,20.41127023617869
11/20/2020 04:45 PM,60.32723350953055,20.32141790623233
11/20/2020 05:00 PM,60.538875745304914,20.292918339949995
11/20/2020 05:15 PM,60.57372330924732,20.33378842615451
11/20/2020 05:30 PM,60.71756453320771,20.31560751117592
11/20/2020 05:45 PM,60.10464944225825,20.68135921943676
11/20/2020 06:00 PM,60.543438523102544,20.433682104578207
11/20/2020 06:15 PM,60.33836990005082,20.54204156619024
11/20/2020 06:30 PM,59.90581450205046,20.615120221742192
11/20/2020 06:45 PM,59.648815644695084,20.929245859854063
11/20/2020 07:00 PM,59.451181680184845,20.667104855327885
11/20/2020 07:15 PM,59.61441827283323,20.50698382931196
11/20/2020 07:30 PM,59.49479727243971,20.51462091524716
11/20/2020 07:45 PM,59.62066927264274,20.521420451344802
11/20/2020 08:00 PM,59.72607547769391,20.42149101775662
11/20/2020 08:15 PM,59.487921287777496,20.089248538888356
11/20/2020 08:30 PM,59.59740359553495,20.114413906363808
11/20/2020 08:45 PM,59.996259258403505,20.06218981004014
11/20/2020 09:00 PM,60.66306695160193,20.18059219664235
11/20/2020 09:15 PM,61.3377226673726,20.086388749421875
11/20/2020 09:30 PM,61.76644333148628,20.01685416911636
11/20/2020 09:45 PM,62.189229000766765,19.828315715854085
11/20/2020 10:00 PM,62.43432614221255,19.964254997216635
11/20/2020 10:15 PM,61.795641900793385,19.873056288058685
11/20/2020 10:30 PM,61.84601857274713,19.692798765012874
11/20/2020 10:45 PM,61.89770499618433,19.599562983732724
11/20/2020 11:00 PM,62.08813734489417,19.71399674462923
11/20/2020 11:15 PM,62.33254419104743,19.546089178494277
11/20/2020 11:30 PM,62.095897525132,19.47499355479999
11/20/2020 11:45 PM,62.22756221850299,19.306465135431928
11/21/2020 12:00 AM,62.57719051975268,19.44321945712973
11/21/2020 12:15 AM,62.491496267760425,19.512127802980036
11/21/2020 12:30 AM,62.558502504354045,19.495121446250582
11/21/2020 12:45 AM,62.3140068022585,19.343865600208982
11/21/2020 01:00 AM,62.340569750858684,19.301036831343488
11/21/2020 01:15 AM,62.580421198897106,19.32737040466831
11/21/2020 01:30 AM,62.340639729761854,19.446674231947007
11/21/2020 01:45 AM,62.27584589457529,19.25109927778429
11/21/2020 02:00 AM,62.4120354466518,19.146544780801754
11/21/2020 02:15 AM,62.34724115894149,19.364515776040445
11/21/2020 02:30 AM,62.266999180412746,19.45977516871042
11/21/2020 02:45 AM,62.4372007397527,19.190107080147286
11/21/2020 03:00 AM,62.25212584326092,19.143473950317226
11/21/2020 03:15 AM,62.430030362492694,19.26227580177078
11/21/2020 03:30 AM,62.44579073822024,19.415818161516217
11/21/2020 03:45 AM,62.141023932931425,19.181210384468482
11/21/2020 04:00 AM,61.62780241638648,19.00025542900123
11/21/2020 04:15 AM,61.463058650484676,19.0124408049591
11/21/2020 04:30 AM,61.57997414245436,19.105686408724857
11/21/2020 04:45 AM,62.25927929261988,18.990321235990308
11/21/2020 05:00 AM,62.15856185001019,18.787583024388812
11/21/2020 05:15 AM,62.422232119926946,18.70044807557124
11/21/2020 05:30 AM,62.40579182703078,18.676751281932123
11/21/2020 05:45 AM,62.269972834469804,18.723037706675594
11/21/2020 06:00 AM,62.56149059664753,18.725020675144425
11/21/2020 06:15 AM,62.79509162292835,18.443456576801704
11/21/2020 06:30 AM,63.26982501879697,18.348843039282613
11/21/2020 06:45 AM,63.293538316900744,18.373144830187012
11/21/2020 07:00 AM,63.148175550980305,18.46153295901224
11/21/2020 07:15 AM,63.31107327358446,18.301267128239104
11/21/2020 07:30 AM,63.67436850925851,18.08389023049677
11/21/2020 07:45 AM,64.03532999137964,18.124788927245124
11/21/2020 08:00 AM,64.71872101940353,18.433976653765324
11/21/2020 08:15 AM,64.7566203599993,18.73729527174983
11/21/2020 08:30 AM,63.92979015107018,18.936102244934755
11/21/2020 08:45 AM,63.77515666434077,19.333389408237363
11/21/2020 09:00 AM,62.27477094508403,19.85345681756776
11/21/2020 09:15 AM,61.45636883618605,20.026481398890105
11/21/2020 09:30 AM,61.231592284560776,19.805672453471246
11/21/2020 09:45 AM,61.39683001445178,19.71478818631528
11/21/2020 10:00 AM,60.83342671397795,20.16125534915117
11/21/2020 10:15 AM,59.62244561287852,20.639483795900777
11/21/2020 10:30 AM,58.63959363470504,20.75734861793025
11/21/2020 10:45 AM,57.79284400263069,21.01665792818466
11/21/2020 11:00 AM,57.07477990009393,21.235057690388505
11/21/2020 11:15 AM,57.031906043527535,21.352715702121408
11/21/2020 11:30 AM,57.731333268483844,21.09260042282721
11/21/2020 11:45 AM,57.79603974510375,20.90781229390634
11/21/2020 12:00 PM,58.64055438037077,20.947478558585445
11/21/2020 12:15 PM,58.5961069866597,21.135312605196084
11/21/2020 12:30 PM,58.732581189615814,21.109925839101763
11/21/2020 12:45 PM,58.89328009053488,20.84884272879852
11/21/2020 01:00 PM,59.32385673456919,20.732173193374333
11/21/2020 01:15 PM,59.427721764755006,20.692924482207342
11/21/2020 01:30 PM,58.851539642060985,20.85270236736905
11/21/2020 01:45 PM,60.16274477379478,20.991061425926155
11/21/2020 02:00 PM,59.38455959198492,21.095243221030888
11/21/2020 02:15 PM,58.78828875182198,21.024035801736545
11/21/2020 02:30 PM,58.68250213373688,21.08392910189157
11/21/2020 02:45 PM,58.92562378251947,20.829204851572076
11/21/2020 03:00 PM,59.26194727841899,20.587301043173163
11/21/2020 03:15 PM,59.5334409257909,20.87205678286841
11/21/2020 03:30 PM,59.54776651442302,21.138459907444478
11/21/2020 03:45 PM,58.97343411508006,20.924174474928364
11/21/2020 04:00 PM,58.756070050034694,20.735329560137497
11/21/2020 04:15 PM,59.48924289655355,20.66545564284282
11/21/2020 04:30 PM,59.64888326452486,20.680100761321846
11/21/2020 04:45 PM,60.10167865083388,20.57152474103521
11/21/2020 05:00 PM,60.52412275890113,20.364920282883688
11/21/2020 05:15 PM,59.887896431470594,20.30862832129273
11/21/2020 05:30 PM,59.549921529993554,20.363110131967414
11/21/2020 05:45 PM,59.807703261274646,20.207069585529744
11/21/2020 06:00 PM,59.711340685655706,20.05961948746953
11/21/2020 06:15 PM,60.60660900890321,19.931006200142917
11/21/2020 06:30 PM,60.524274626575036,19.885313249809094
11/21/2020 06:45 PM,60.42887322637275,19.969320568224134
11/21/2020 07:00 PM,60.76368479032018,20.177590709180876
11/21/2020 07:15 PM,59.550873581677166,20.276473122391405
11/21/2020 07:30 PM,58.54450380500208,20.803504045773593
11/21/2020 07:45 PM,58.733489447465324,21.042633261784044
11/21/2020 08:00 PM,59.57495041631373,21.164292694138446
11/21/2020 08:15 PM,60.928204503602046,21.02327163197554
11/21/2020 08:30 PM,60.31413613115916,21.00677538602295
11/21/2020 08:45 PM,61.4778710005771,20.9221504652636
11/21/2020 09:00 PM,61.41403665154315,21.15077940316481
11/21/2020 09:15 PM,62.297625443103854,21.11438910019347
11/21/2020 09:30 PM,63.213733741046724,20.956003213883314
11/21/2020 09:45 PM,63.11208760538976,20.850341506667135
11/21/2020 10:00 PM,61.298220686736286,20.71954971938357
11/21/2020 10:15 PM,60.72100701573899,20.54437014652547
11/21/2020 10:30 PM,60.44836858269989,20.402590005050236
11/21/2020 10:45 PM,59.70702290924034,20.028241871782527
11/21/2020 11:00 PM,59.69006009270197,20.024095443457092
11/21/2020 11:15 PM,59.617103274461115,19.992715422601965
11/21/2020 11:30 PM,60.6011095445198,19.96678421436383
11/21/2020 11:45 PM,60.722879597016004,19.66355517258645
11/22/2020 12:00 AM,61.178071169213766,19.48728727219713
11/22/2020 12:15 AM,61.455630951503004,19.469239407520174
11/22/2020 12:30 AM,61.44270859523979,19.465135673472172
11/22/2020 12:45 AM,61.52559678207766,19.292209697239414
11/22/2020 01:00 AM,60.861643237972515,19.098685383360575
11/22/2020 01:15 AM,60.77273768224715,18.838801962773363
11/22/2020 01:30 AM,61.3926792855733,18.895810540013876
11/22/2020 01:45 AM,61.36722061003462,18.943226625922605
11/22/2020 02:00 AM,61.336410133398275,18.712291484658735
11/22/2020 02:15 AM,61.49433281888369,18.417326734511885
11/22/2020 02:30 AM,61.3092841571258,18.352856252026697
11/22/2020 02:45 AM,62.057014666114036,18.40031938996855
11/22/2020 03:00 AM,62.34448986199269,18.3023342438119
11/22/2020 03:15 AM,62.04664670169053,18.07204512415837
11/22/2020 03:30 AM,62.25020994576587,17.914054013306455
11/22/2020 03:45 AM,62.22379924097611,17.91531319991141
11/22/2020 04:00 AM,62.17910764846103,17.98438101473325
11/22/2020 04:15 AM,62.47328615275382,17.77319225758941
11/22/2020 04:30 AM,62.71494958999617,17.589990263747914
11/22/2020 04:45 AM,62.90140264584844,17.58092029885049
11/22/2020 05:00 AM,63.21670072193033,17.5748459520496
11/22/2020 05:15 AM,63.09666286829517,17.535632100567888
11/22/2020 05:30 AM,63.20909390964746,17.165469072596146
11/22/2020 05:45 AM,63.05954962805459,17.162290567082177
11/22/2020 06:00 AM,62.089141093127964,17.28632077224391
11/22/2020 06:15 AM,62.46652139767981,17.082480438431705
11/22/2020 06:30 AM,62.81702430364653,16.83401649721763
11/22/2020 06:45 AM,62.864242853503704,16.853740652288064
11/22/2020 07:00 AM,62.93238927931539,16.899702525736547
11/22/2020 07:15 AM,62.788125520537086,17.343545173451133
11/22/2020 07:30 AM,63.13439905523122,17.327787841052984
11/22/2020 07:45 AM,63.07374955151557,17.147907388436323
11/22/2020 08:00 AM,62.391592335827944,17.26348269941031
11/22/2020 08:15 AM,61.76045756877179,17.906921887475914
11/22/2020 08:30 AM,60.588996800462986,18.11117251815301
11/22/2020 08:45 AM,59.14751881713687,18.347974150864545
11/22/2020 09:00 AM,58.0464386225882,18.738724656032993
11/22/2020 09:15 AM,57.2026439072014,19.141309564318167
11/22/2020 09:30 AM,57.21471634853327,19.361210692585182
11/22/2020 09:45 AM,56.739808072997754,19.406364591253553
11/22/2020 10:00 AM,55.773643893711814,19.67855741571452
11/22/2020 10:15 AM,54.84942514919996,20.17969341781005
11/22/2020 10:30 AM,55.396834257770884,20.24625953827068
11/22/2020 10:45 AM,55.724387396088595,19.88765657320338
11/22/2020 11:00 AM,55.79499905397751,19.903821540191757
11/22/2020 11:15 AM,56.673276234043804,20.10957597821514
11/22/2020 11:30 AM,56.645340757568974,19.987138233961154
11/22/2020 11:45 AM,55.652956208924884,20.30618539091776
11/22/2020 12:00 PM,54.968137912226304,20.53112774714553
11/22/2020 12:15 PM,54.215538150950024,20.962702717679356
11/22/2020 12:30 PM,54.674277070307525,21.12718719245918
11/22/2020 12:45 PM,55.242619787963285,20.83991963228153
11/22/2020 01:00 PM,55.31407780306499,20.58248395155487
11/22/2020 01:15 PM,55.47216038860773,20.586611348247192
11/22/2020 01:30 PM,55.71052110890562,20.440357226126437
11/22/2020 01:45 PM,55.90139728727338,20.33161649994744
11/22/2020 02:00 PM,56.71104968271461,20.01237392775468
11/22/2020 02:15 PM,56.59558998237929,20.047547826765697
11/22/2020 02:30 PM,57.541948797057216,20.093248883253267
11/22/2020 02:45 PM,57.98035360052554,20.10005303277034
11/22/2020 03:00 PM,58.54968864411067,19.780104143944
11/22/2020 03:15 PM,58.72774258929374,19.828327797882718
11/22/2020 03:30 PM,58.621786349036974,19.915776369704762
11/22/2020 03:45 PM,58.68656810225805,19.98314989579987
11/22/2020 04:00 PM,59.54058031295825,19.778086863526337
11/22/2020 04:15 PM,59.557601472371644,19.692712513360224
11/22/2020 04:30 PM,59.57230837549101,19.924652682884133
11/22/2020 04:45 PM,59.77599297378216,19.969699139941408
11/22/2020 05:00 PM,59.5323509637197,19.790854273102095
11/22/2020 05:15 PM,59.477338466334956,19.60021379147004
11/22/2020 05:30 PM,58.89512748547274,19.59949586751195
11/22/2020 05:45 PM,59.40603830858781,19.781230270775964
11/22/2020 06:00 PM,60.62425070823056,19.728393313677156
11/22/2020 06:15 PM,60.50647044588652,19.589517813502525
11/22/2020 06:30 PM,60.67721755283527,19.350516950205023
11/22/2020 06:45 PM,60.90786282554236,19.503877155061485
11/22/2020 07:00 PM,61.299925013237726,19.57761249877919
11/22/2020 07:15 PM,61.64879534621817,19.46285963961612
11/22/2020 07:30 PM,61.95935904918455,19.242646840983294
11/22/2020 07:45 PM,61.44901302070406,19.369916511675264
11/22/2020 08:00 PM,62.32294656764785,19.355943503278734
11/22/2020 08:15 PM,62.30392224750892,19.245976092491983
11/22/2020 08:30 PM,62.27906442468716,19.08809643126125
11/22/2020 08:45 PM,61.665281785455896,19.070675926277477
11/22/2020 09:00 PM,61.20726327289683,19.16019084725867
11/22/2020 09:15 PM,61.400630654426834,19.130852434383815
11/22/2020 09:30 PM,61.61486826609296,18.8312096739519
11/22/2020 09:45 PM,61.508656964962775,18.86663174793265
11/22/2020 10:00 PM,62.04695056939995,18.83289376628691
11/22/2020 10:15 PM,62.17584354922437,18.935714605821907
11/22/2020 10:30 PM,62.33687660524472,18.702952241946555
11/22/2020 10:45 PM,62.46294308527914,18.645551737569505
11/22/2020 11:00 PM,62.97742879074812,18.888898583079296
11/22/2020 11:15 PM,63.697581647840146,18.98020137701575
11/22/2020 11:30 PM,63.67181281987358,18.748931991112947
11/22/2020 11:45 PM,63.280652854104005,18.734638751814362
11/23/2020 12:00 AM,63.14722496676344,18.850861179019052
11/23/2020 12:15 AM,63.323370800569364,18.84531118957342
11/23/2020 12:30 AM,62.64952904200046,18.479080324821027
11/23/2020 12:45 AM,62.23538869931039,18.528990630121715
11/23/2020 01:00 AM,62.34258293186038,18.647389974903348
11/23/2020 01:15 AM,62.42059591568284,18.3914260322197
11/23/2020 01:30 AM,62.585016797537065,18.197156774894907
11/23/2020 01:45 AM,63.12977167188624,18.199923912881662
11/23/2020 02:00 AM,63.01576048854276,18.263315969143797
11/23/2020 02:15 AM,63.05533584833275,18.16510350222982
11/23/2020 02:30 AM,63.288785594483834,17.899407264071463
11/23/2020 02:45 AM,63.29139939097662,17.887275190588163
11/23/2020 03:00 AM,64.02746876828309,18.078611827303057
11/23/2020 03:15 AM,64.11415427841442,18.515494344435325
11/23/2020 03:30 AM,62.91019929055885,18.684961586093703
11/23/2020 03:45 AM,62.2218454079952,19.03763423890298
11/23/2020 04:00 AM,61.27342135867343,19.507248582383674
11/23/2020 04:15 AM,59.94231329907212,19.83228567340555
11/23/2020 04:30 AM,58.97268961194502,19.892604609914297
11/23/2020 04:45 AM,58.05206013961459,20.238399005968066
11/23/2020 05:00 AM,56.83007726502496,20.766254202833572
11/23/2020 05:15 AM,56.03833273818223,21.010076115313442
11/23/2020 05:30 AM,55.28713607828982,20.92222648007826
11/23/2020 05:45 AM,54.67345878399237,21.349118815933767
11/23/2020 06:00 AM,55.578762166841145,21.199117774429414
11/23/2020 06:15 AM,56.13363717310912,20.797256397276897
11/23/2020 06:30 AM,56.052335093880295,20.745977762161363
11/23/2020 06:45 AM,55.07161823614566,21.282852277934907
11/23/2020 07:00 AM,55.4766949588213,21.08634656563405
11/23/2020 07:15 AM,56.08691932814361,20.76498253045469
11/23/2020 07:30 AM,56.20469228458122,20.733529241376353
11/23/2020 07:45 AM,56.592849176448645,20.56728152632093
11/23/2020 08:00 AM,56.84595531779546,20.218384131502823
11/23/2020 08:15 AM,57.44358938995379,20.03805880458932
11/23/2020 08:30 AM,57.7626172840735,20.11690433257497
11/23/2020 08:45 AM,57.93358264394667,19.790152825940485
11/23/2020 09:00 AM,58.40949271686202,19.577159701299067
11/23/2020 09:15 AM,58.68945197429271,19.62796106320535
11/23/2020 09:30 AM,59.0393824586424,19.727900406289173
11/23/2020 09:45 AM,59.37235371939908,19.335736709306257
11/23/2020 10:00 AM,59.57177954705721,19.250499803707747
11/23/2020 10:15 AM,59.96533304697691,19.4190801259738
11/23/2020 10:30 AM,60.3633298511057,19.156827371964315
11/23/2020 10:45 AM,60.017121303170626,19.040562512769775
11/23/2020 11:00 AM,60.875298668119925,19.317074425804908
11/23/2020 11:15 AM,60.45056856522565,19.827725350326844
11/23/2020 11:30 AM,59.2454863233945,20.02727552401834
11/23/2020 11:45 AM,58.26158329004309,20.25106527972291
11/23/2020 12:00 PM,58.71689960198306,20.430658063226446
11/23/2020 12:15 PM,58.6212812963986,20.23299091498839
11/23/2020 12:30 PM,58.66760141864283,19.925782274643755
11/23/2020 12:45 PM,58.65243021370113,19.800660991052748
11/23/2020 01:00 PM,59.13264561613129,19.978102546165722
11/23/2020 01:15 PM,59.619513694267745,19.62923091227661
11/23/2020 01:30 PM,59.63708362321387,19.477474085179338
11/23/2020 01:45 PM,59.85119874134248,19.608066957245146
11/23/2020 02:00 PM,60.46822302856343,19.568165507432056
11/23/2020 02:15 PM,60.56219587295439,19.17150733597729
11/23/2020 02:30 PM,61.240879313322125,19.395797736160198
11/23/2020 02:45 PM,61.507035119507556,19.720796392602523
11/23/2020 03:00 PM,61.51233190346022,19.579864726136854
11/23/2020 03:15 PM,61.349461217877696,19.309214418882316
11/23/2020 03:30 PM,61.305116447312436,19.43088758026245
11/23/2020 03:45 PM,61.51136954362388,19.61443932142693
11/23/2020 04:00 PM,60.71788848426839,19.693676003610765
11/23/2020 04:15 PM,60.00487237653939,20.04736108741136
11/23/2020 04:30 PM,60.26675020141315,20.419260829812217
11/23/2020 04:45 PM,59.68669507300162,20.14728168196986
11/23/2020 05:00 PM,59.77148720832452,19.85397202941263
11/23/2020 05:15 PM,59.792351825819516,19.97816032554348
11/23/2020 05:30 PM,59.8048266768279,19.949077565986542
11/23/2020 05:45 PM,60.38054179067777,19.698668885674152
11/23/2020 06:00 PM,60.95159289566502,20.089990938691546
11/23/2020 06:15 PM,60.69754456338645,20.40674627738675
11/23/2020 06:30 PM,60.23828009801721,20.084564791217435
11/23/2020 06:45 PM,59.77357876537048,19.861479534670245
11/23/2020 07:00 PM,59.77159768289298,19.9768582610265
11/23/2020 07:15 PM,60.319411149890236,19.91978708485666
11/23/2020 07:30 PM,60.17236482416689,19.731524935963986
11/23/2020 07:45 PM,60.70525731515149,19.57118454969125
11/23/2020 08:00 PM,60.59305180422159,19.683570199189138
11/23/2020 08:15 PM,61.00664368783167,19.526597240553933
11/23/2020 08:30 PM,62.11176473506502,19.318079832949064
11/23/2020 08:45 PM,61.85421684175739,19.56842731131011
11/23/2020 09:00 PM,61.78290808536925,19.54361036757393
11/23/2020 09:15 PM,62.31254165948203,19.348907854557
11/23/2020 09:30 PM,62.33249446749421,19.381264227972352
11/23/2020 09:45 PM,61.69459386141248,19.598962489391823
11/23/2020 10:00 PM,61.68248972125098,19.405893391159584
11/23/2020 10:15 PM,61.76421682774849,19.19879225948837
11/23/2020 10:30 PM,61.59153370411213,19.440647356956017
11/23/2020 10:45 PM,61.751889736839,19.444603547341913
11/23/2020 11:00 PM,61.952377939938586,19.41722987378772
11/23/2020 11:15 PM,61.498329062595644,19.414026268190568
11/23/2020 11:30 PM,61.347380364094484,19.624336939430112
11/23/2020 11:45 PM,61.5336092296984,19.356232429108278
11/24/2020 12:00 AM,61.3906254521961,19.258319700276466
11/24/2020 12:15 AM,61.21739901213842,19.37217388915195
11/24/2020 12:30 AM,61.40097985804058,19.45878715682549
11/24/2020 12:45 AM,61.49002801974563,19.076634591098944
11/24/2020 01:00 AM,61.36678507791278,19.115197799471932
11/24/2020 01:15 AM,61.37481513826215,19.288083082021785
11/24/2020 01:30 AM,60.80009126159163,18.646117629599996
